essai,temps,vitesse_mm_s,wrench_N
1,0.7316,0.0,50
1,0.7336,0.0,50
1,0.7356,0.0,50
1,0.7377,41.62,50
1,0.7397,45.06,50
1,0.7417,45.65,50
1,0.7437,50.39,50
1,0.7458,51.89,50
1,0.7478,52.09,50
1,0.7498,51.67,50
1,0.7518,53.0,50
1,0.7538,55.46,50
1,0.7558,57.79,50
1,0.7579,60.71,50
1,0.7599,65.72,50
1,0.7619,67.47,50
1,0.7639,72.12,50
1,0.7659,75.77,50
1,0.7679,81.27,50
1,0.7699,86.16,50
1,0.772,89.55,50
1,0.774,93.71,50
1,0.776,99.11,50
1,0.778,102.86,50
1,0.78,106.38,50
1,0.782,107.72,50
1,0.784,110.94,50
1,0.786,114.24,50
1,0.7881,115.26,50
1,0.7901,115.09,50
1,0.7921,118.41,50
1,0.7941,117.85,50
1,0.7961,118.98,50
1,0.7981,118.67,50
1,0.8001,120.83,50
1,0.8021,122.22,50
1,0.8042,122.37,50
1,0.8062,124.04,50
1,0.8082,123.84,50
1,0.8102,124.57,50
1,0.8122,125.73,50
1,0.8142,125.46,50
1,0.8162,126.55,50
1,0.8183,126.43,50
1,0.8203,127.87,50
1,0.8223,128.77,50
1,0.8243,129.01,50
1,0.8263,127.75,50
1,0.8283,128.0,50
1,0.8303,129.71,50
1,0.8324,128.69,50
1,0.8344,129.08,50
1,0.8364,131.8,50
1,0.8384,131.32,50
1,0.8404,134.58,50
1,0.8425,136.43,50
1,0.8445,137.52,50
1,0.8465,140.24,50
1,0.8485,142.48,50
1,0.8505,144.53,50
1,0.8525,143.36,50
1,0.8545,146.31,50
1,0.8565,148.2,50
1,0.8586,147.2,50
1,0.8606,150.52,50
1,0.8626,148.99,50
1,0.8646,151.76,50
1,0.8666,154.47,50
1,0.8686,153.19,50
1,0.8706,154.21,50
1,0.8726,156.96,50
1,0.8747,158.42,50
1,0.8767,156.76,50
1,0.8787,157.92,50
1,0.8807,160.05,50
1,0.8827,157.18,50
1,0.8847,160.57,50
1,0.8867,160.77,50
1,0.8887,161.24,50
1,0.8908,159.58,50
1,0.8928,164.52,50
1,0.8948,160.24,50
1,0.8969,159.38,50
1,0.8989,157.07,50
1,0.901,160.44,50
1,0.903,159.97,50
1,0.9051,160.7,50
1,0.9071,159.52,50
1,0.9091,162.61,50
1,0.9111,159.56,50
1,0.9132,160.02,50
1,0.9152,159.73,50
1,0.9172,161.73,50
1,0.9192,159.68,50
1,0.9212,160.01,50
1,0.9233,160.43,50
1,0.9253,161.66,50
1,0.9274,163.67,50
1,0.9294,160.7,50
1,0.9315,163.36,50
1,0.9336,161.06,50
1,0.9357,164.72,50
1,0.9378,168.65,50
1,0.9398,169.89,50
1,0.9419,164.7,50
1,0.9439,168.47,50
1,0.9459,168.99,50
1,0.948,167.24,50
1,0.95,164.06,50
1,0.952,166.01,50
1,0.954,167.12,50
1,0.9561,168.65,50
1,0.9581,165.3,50
1,0.9601,167.37,50
1,0.9622,172.25,50
1,0.9642,169.47,50
1,0.9662,166.88,50
1,0.9683,169.12,50
1,0.9703,172.69,50
1,0.9723,169.07,50
1,0.9744,169.21,50
1,0.9764,171.41,50
1,0.9785,171.43,50
1,0.9805,169.95,50
1,0.9825,169.13,50
1,0.9846,173.2,50
1,0.9866,171.28,50
1,0.9887,170.66,50
1,0.9907,171.71,50
1,0.9928,171.37,50
1,0.9948,171.97,50
1,0.9969,171.27,50
1,0.9989,168.95,50
1,1.0009,173.19,50
1,1.003,170.73,50
1,1.005,170.9,50
1,1.0071,172.59,50
1,1.0091,173.21,50
1,1.0111,169.89,50
1,1.0132,170.79,50
1,1.0152,173.31,50
1,1.0172,171.38,50
1,1.0192,171.45,50
1,1.0212,170.81,50
1,1.0232,173.45,50
1,1.0253,170.25,50
1,1.0273,172.33,50
1,1.0293,173.67,50
1,1.0314,175.46,50
1,1.0334,171.08,50
1,1.0354,172.57,50
1,1.0374,174.41,50
1,1.0395,172.19,50
1,1.0415,172.19,50
1,1.0436,171.89,50
1,1.0456,171.24,50
1,1.0476,173.85,50
1,1.0496,172.25,50
1,1.0517,177.18,50
1,1.0537,169.31,50
1,1.0557,172.38,50
1,1.0577,175.16,50
1,1.0597,176.14,50
1,1.0618,175.35,50
1,1.0638,170.65,50
1,1.0658,178.76,50
1,1.0678,176.28,50
1,1.0698,174.88,50
1,1.0718,175.14,50
1,1.0738,177.48,50
1,1.0759,175.92,50
1,1.0779,174.6,50
1,1.0799,174.74,50
1,1.0819,175.07,50
1,1.0839,173.19,50
1,1.086,167.86,50
1,1.088,169.95,50
1,1.09,166.32,50
1,1.092,162.33,50
1,1.094,160.42,50
1,1.0961,157.28,50
1,1.0981,155.92,50
1,1.1001,149.73,50
1,1.1021,148.5,50
1,1.1041,147.34,50
1,1.1061,145.26,50
1,1.1082,142.21,50
1,1.1102,140.35,50
1,1.1122,145.18,50
1,1.1142,141.73,50
1,1.1162,142.4,50
1,1.1183,142.98,50
1,1.1203,144.64,50
1,1.1223,143.65,50
1,1.1243,143.47,50
1,1.1263,146.84,50
1,1.1284,146.52,50
1,1.1304,148.11,50
1,1.1324,150.87,50
1,1.1344,152.27,50
1,1.1364,152.15,50
1,1.1385,157.66,50
1,1.1405,160.34,50
1,1.1425,161.6,50
1,1.1445,160.59,50
1,1.1466,166.79,50
1,1.1486,168.9,50
1,1.1506,170.15,50
1,1.1526,169.88,50
1,1.1547,168.69,50
1,1.1567,169.14,50
1,1.1587,168.13,50
1,1.1607,163.89,50
1,1.1627,163.01,50
1,1.1648,161.34,50
1,1.1668,161.65,50
1,1.1688,159.81,50
1,1.1708,160.7,50
1,1.1729,158.52,50
1,1.1749,158.54,50
1,1.1769,156.69,50
1,1.1789,156.37,50
1,1.1809,153.51,50
1,1.183,153.66,50
1,1.185,151.15,50
1,1.187,151.69,50
1,1.189,150.0,50
1,1.1911,150.01,50
1,1.1931,147.93,50
1,1.1951,148.03,50
1,1.1971,145.6,50
1,1.1991,144.2,50
1,1.2012,141.92,50
1,1.2033,142.67,50
1,1.2054,142.52,50
1,1.2074,142.52,50
1,1.2095,143.83,50
1,1.2116,143.2,50
1,1.2136,144.57,50
1,1.2156,145.12,50
1,1.2176,144.75,50
1,1.2196,144.03,50
1,1.2217,145.55,50
1,1.2237,142.82,50
1,1.2257,139.47,50
1,1.2277,142.57,50
1,1.2298,138.28,50
1,1.2318,138.71,50
1,1.2338,140.67,50
1,1.2358,138.03,50
1,1.2378,139.34,50
1,1.2399,138.12,50
1,1.2419,137.52,50
1,1.2439,136.24,50
1,1.2459,138.7,50
1,1.2479,137.28,50
1,1.25,137.66,50
1,1.252,136.88,50
1,1.254,136.83,50
1,1.256,136.09,50
1,1.2581,136.39,50
1,1.2601,136.66,50
1,1.2621,139.13,50
1,1.2642,137.51,50
1,1.2662,135.59,50
1,1.2682,136.13,50
1,1.2702,137.69,50
1,1.2723,133.53,50
1,1.2743,136.22,50
1,1.2764,134.18,50
1,1.2785,135.36,50
1,1.2806,131.99,50
1,1.2826,137.73,50
1,1.2847,134.31,50
1,1.2867,130.66,50
2,0.7328,0.0,100
2,0.7349,0.0,100
2,0.737,0.03,100
2,0.7391,85.99,100
2,0.7412,94.35,100
2,0.7432,90.67,100
2,0.7453,98.17,100
2,0.7473,99.53,100
2,0.7494,98.46,100
2,0.7514,99.98,100
2,0.7534,102.25,100
2,0.7555,106.25,100
2,0.7575,112.08,100
2,0.7595,116.43,100
2,0.7616,122.77,100
2,0.7636,129.45,100
2,0.7657,136.95,100
2,0.7677,147.08,100
2,0.7697,156.14,100
2,0.7717,165.96,100
2,0.7738,174.99,100
2,0.7758,185.68,100
2,0.7778,198.08,100
2,0.7798,202.84,100
2,0.7818,208.61,100
2,0.7839,218.73,100
2,0.7859,222.28,100
2,0.7879,225.38,100
2,0.7899,225.61,100
2,0.7919,222.21,100
2,0.7939,224.37,100
2,0.796,227.04,100
2,0.798,229.79,100
2,0.8,231.62,100
2,0.802,234.86,100
2,0.804,237.85,100
2,0.8061,240.38,100
2,0.8081,243.07,100
2,0.8101,245.95,100
2,0.8121,248.26,100
2,0.8142,248.63,100
2,0.8162,249.29,100
2,0.8182,251.05,100
2,0.8202,254.04,100
2,0.8222,253.79,100
2,0.8243,247.71,100
2,0.8263,245.68,100
2,0.8284,246.74,100
2,0.8306,243.18,100
2,0.8326,251.44,100
2,0.8347,251.29,100
2,0.8368,257.31,100
2,0.8388,256.62,100
2,0.8409,262.19,100
2,0.843,266.12,100
2,0.845,268.67,100
2,0.847,271.95,100
2,0.8491,274.55,100
2,0.8511,275.47,100
2,0.8532,274.42,100
2,0.8553,278.02,100
2,0.8573,281.71,100
2,0.8594,273.92,100
2,0.8614,281.68,100
2,0.8634,280.17,100
2,0.8655,278.46,100
2,0.8675,279.82,100
2,0.8696,277.45,100
2,0.8716,277.05,100
2,0.8737,281.27,100
2,0.8758,280.61,100
2,0.8779,277.76,100
2,0.8799,277.82,100
2,0.882,271.41,100
2,0.884,276.27,100
2,0.886,272.24,100
2,0.8881,263.51,100
2,0.8901,268.2,100
2,0.8922,264.58,100
